Date,SPY,QQQ,VTI,GLD,TLT
2023-01-02,402.10685661204496,297.73455446779496,199.6902199401302,180.10240830370336,99.7783757954885
2023-01-03,401.6715184337725,299.8922915740641,201.7011522370682,180.7708718140616,100.5079889717041
2023-01-04,404.3936002750132,297.2655020404486,203.21906467862365,178.81170946365117,100.67721666713874
2023-01-05,410.67395362468744,290.9460580359305,199.76630901446154,178.16738493916924,100.83350513899939
2023-01-06,409.8355488892529,285.3801117800853,203.0808203961489,179.17578610408754,101.15224345053844
2023-01-09,408.99892307125435,285.6589336742353,206.23486961192842,177.6205356289092,100.5813234388145
2023-01-10,415.58058615660417,286.6635018824205,204.88791055231363,178.00329110251894,101.10892869888445
2023-01-11,418.8945700782341,283.66735243641847,205.8516702695143,176.33075925051986,101.07568191609322
2023-01-12,417.0536357386679,285.95459336219994,207.04238468321714,176.92411399702289,101.41958212818491
2023-01-13,419.44151821723005,280.3675436743137,207.7085252169622,176.89766554468343,100.8811165439113
2023-01-16,417.6235844662753,280.25737112178456,206.52388940961836,174.91536397677348,100.10243600396053
2023-01-17,415.80387425082915,276.2967194718574,205.07040379909728,176.35897117003182,100.51680486151449
2023-01-18,416.9347039125013,274.2460360210177,205.08453422020074,175.46974436414888,100.71100811617136
2023-01-19,409.0826550005946,274.51172120808036,207.8019082386723,174.49206782263192,100.26181105951663
2023-01-20,402.1490401312718,271.78720325030923,209.117211550435,174.75450116717863,99.83085417236862
2023-01-23,400.0084509416908,270.64171082128183,208.33788238192645,176.17708344644518,100.39761129429434
2023-01-24,396.0770434018682,274.0181051952857,210.17931546810686,174.9419494772077,99.80556061041453
2023-01-25,397.4405280588014,272.23076663349224,203.6671261095774,175.03497642438646,100.63029036344145
2023-01-26,393.9509045365665,275.06967219219035,206.31203350016426,175.57788512420916,100.18217324778487
2023-01-27,388.5053066017137,271.4507229308599,202.4360799504017,176.44730102955856,100.5069598089037
2023-01-30,394.31598143709715,273.28509194531495,201.6998502210813,176.68287421318837,100.34684293722131
2023-01-31,393.54400419641246,278.1219165385968,199.28623541818408,176.24660976593123,100.6545000514108
2023-02-01,393.92782059836213,269.98414324068244,196.51785142959756,175.2432146322544,100.3856951621445
2023-02-02,388.4335194655763,267.51034790436955,199.09598772511097,175.36641187061926,100.30900405168495
2023-02-03,386.43548454518015,269.4698252296271,198.14137956182523,174.06782831089734,100.33454231054033
2023-02-06,386.9800594375591,268.92103790343066,198.96595337331803,170.52564315295015,99.83678893922988
2023-02-07,382.642037825359,270.2263135203591,198.9328998821939,171.06380820691643,100.21158839775059
2023-02-08,384.194408990174,268.37585176064175,200.04641666349136,172.16332834174696,99.95944924375351
2023-02-09,382.0020470479712,268.7620653969478,200.28548029363066,169.33287248533426,99.85019360804293
2023-02-10,381.0023715667643,268.3674885992754,197.5289683595528,168.15294156792658,99.35875622987984
2023-02-13,378.82415581576623,272.23557246414225,199.76281062609738,168.89854513398973,98.09077274077205
2023-02-14,385.95468025833657,273.1756155402029,198.74775137882466,171.34799092868172,98.00198697516713
2023-02-15,386.018373491833,274.3915835666638,195.41427441765558,171.39006644801353,99.18909260014088
2023-02-16,382.0512204796796,273.14515332446274,194.5624114646809,170.5337981473571,99.58317299160481
2023-02-17,385.30837872150727,271.6561640637576,197.84241419153898,170.33252135378712,99.57856210161953
2023-02-20,380.7199583606959,270.35474135293373,199.76196817914257,171.98885777508613,99.4526495759133
2023-02-21,381.62935974013686,271.7425873326204,199.06576306563437,171.2283661715449,99.46879367121832
2023-02-22,374.2651720012778,270.47849142301374,198.37065831712366,170.28757861726947,99.74587350280659
2023-02-23,369.4065137524715,271.52721721333086,197.73825552220828,169.72917079673235,99.16195476795029
2023-02-24,370.2445539349514,278.39816174171847,202.32464166935546,168.61348999457616,99.71940445310717
2023-02-27,373.0897595961946,281.4197551994134,203.24547978258903,168.77513843426595,100.08107741699324
2023-02-28,373.8410440323892,280.4313295501501,204.2780599305212,170.71145327028498,100.44546547693587
2023-03-01,373.5208555993132,284.5857982891692,206.66466460834644,171.11459774125802,100.67070224863515
2023-03-02,372.50822675598675,283.306043138963,207.27983933704493,170.82943962499758,100.6856098972767
2023-03-03,367.11236317549856,276.4904095863905,206.76175092277327,170.49757288014436,101.02938139736935
2023-03-06,364.5798597998314,273.2562913861772,206.3875435111037,168.64898096561308,101.33338594560976
2023-03-07,363.0098375724225,267.2311259551947,206.29722546286212,169.70839481168608,101.15907189489582
2023-03-08,366.95619820003344,266.2107942760313,206.2849622064816,169.63289827083545,100.87400473357297
2023-03-09,368.3272136712139,266.3761166499816,208.00825130525809,169.43555424490822,100.93042169586167
2023-03-10,361.94395515516305,271.8414214292539,208.19991109477704,173.23967945398252,101.71718450247545
2023-03-13,363.225540678561,273.0166268216838,209.95067265200848,173.61929442849646,101.09207794653751
2023-03-14,361.93579114566506,272.40801642468955,209.83774388426903,172.722978336213,100.35535665766504
2023-03-15,359.5943488857623,275.22822038144056,210.09269403481278,172.22475835707638,100.44304759042546
2023-03-16,361.90178055857393,268.0355096361435,205.54834546233383,173.6265163261805,100.47362632210144
2023-03-17,365.74155672220473,268.90056065792186,207.6921333950465,173.7815462053047,100.56573133147755
2023-03-20,369.2573575943214,271.49555387611963,208.55641788005136,172.04930116331,100.69342627683572
2023-03-21,366.2692623508792,266.7869969966507,210.91896817503385,173.17357496404566,100.58608594929011
2023-03-22,365.24659324145665,270.5553762733288,204.2731626585551,172.38095802235497,101.34041291302725
2023-03-23,366.5660956172854,271.7625826986,209.03724622886415,174.6586421754359,100.5342985826083
2023-03-24,370.2520831294477,270.51697113913707,208.7894355188559,175.99658614014692,100.12286346121712
2023-03-27,368.5890061569447,272.6793167333229,211.40765733362903,175.46309591296915,100.07617879312956
2023-03-28,368.0152642818654,280.2184401837443,209.06336517878518,177.05403989977694,99.25896231578953
2023-03-29,364.054187282719,280.9420748995924,210.54573167814513,177.1558439496453,99.1766496353924
2023-03-30,359.80856323538484,281.8912790081284,208.1797090286275,178.2310764148405,100.00550369040448
2023-03-31,362.8400432918285,280.4501575417589,206.82415547866134,178.85366068508193,100.02094778450082
2023-04-03,367.86987721162353,277.70226975714706,211.25109103463387,177.81192814921835,100.14132344811367
2023-04-04,367.7153346289495,280.58038435602987,210.88192839927,177.02869348622195,99.51535767755074
2023-04-05,371.51579358293344,277.81021256279837,211.46011637373863,178.32272468071932,99.21364631553618
2023-04-06,372.9707832693459,278.1599186267144,213.55795827389866,177.92267060754747,99.03248399297033
2023-04-07,370.6765663025506,276.6768007158815,214.79712849073115,177.4377353866417,98.88011504100078
2023-04-10,372.1273780937083,278.37774270570736,215.2277125235541,176.26915564770556,99.51870447621062
2023-04-11,377.9624714560487,279.6037030471442,216.16708916186954,176.80945471064754,99.80118387074106
2023-04-12,377.9404512146408,283.19674465404916,221.9576805052557,179.37985300020813,99.25154983031024
2023-04-13,383.9672546426899,281.5768035454006,221.89468741345868,178.05733370488545,99.37884231430154
2023-04-14,374.023481464273,280.77754800717565,222.46320146526298,178.10532660140848,99.63137475932434
2023-04-17,377.2097968698186,277.59208051202955,225.11211493203928,179.88380515685702,100.2043294087543
2023-04-18,377.65130987816184,276.22312985917034,227.9284442619498,179.80151016183586,101.00122472322892
2023-04-19,376.635400095459,277.5842485881491,230.98435689666127,180.38885023769433,100.49364600154482
2023-04-20,377.09399428332273,280.2168196836797,232.68810500679976,179.0653814934214,100.09124054539858
2023-04-21,369.7121194724055,277.2280315991897,229.8439457248282,179.62015284787554,99.4668824675199
2023-04-24,369.01087951583816,280.23187246180413,234.05416893884166,179.4028106927673,99.35546968253898
2023-04-25,370.43936702069,284.9026804374251,231.1847117968918,180.6586500965005,99.5921137326906
2023-04-26,376.02520017537313,286.43010605497795,232.03523806693954,182.17829689004387,100.08874699571902
2023-04-27,374.18918110971293,292.99552798101445,230.19124605956173,185.4988507776722,100.05574221912168
2023-04-28,371.2761422720554,290.3921248929585,230.1094080505357,186.2700496752761,99.90073209955158
2023-05-01,369.524620919738,286.17102665428433,231.0221109032196,186.71347935276015,99.98153080879459
2023-05-02,373.01811451134375,280.17727666782963,231.91961548697603,186.98620988564886,99.5690355565897
2023-05-03,374.35632113638485,285.31923903010596,233.07715604236697,186.54264792077322,100.61428078475403
2023-05-04,372.48543722305885,287.6738040591385,237.2960446129046,187.0032938926295,99.81054320884745
2023-05-05,374.5090292965816,287.5969905360239,238.56293908282012,186.63530696500308,99.90772902366938
2023-05-08,374.9849461930989,288.6782469447274,238.0057221418725,186.87405585782352,100.9235939191276
2023-05-09,378.72971457350866,284.8948677819502,240.6130650342802,188.61631683168062,100.93207142257899
2023-05-10,376.1844498092845,293.37021197138756,243.84550314822997,187.30622600358228,100.84121285888085
2023-05-11,375.0646911008152,293.9424758027433,240.63803597547326,188.81950108589496,100.66602876968851
2023-05-12,373.7065512748192,294.4459221142575,242.30358826256776,190.57926210521833,100.58026549999646
2023-05-15,368.34941200014566,297.1280887568664,244.25725790445182,190.44081014216616,101.2757018336426
2023-05-16,369.5506741231263,298.9619962367732,243.54324544550371,187.63123986138115,100.16072628158929
2023-05-17,370.626270843538,299.88477481315607,247.3139707044591,186.85167823399252,100.93368348403591
2023-05-18,370.7564105384562,297.1601136742801,246.99231132059626,188.56678265561288,100.22010396560894
2023-05-19,369.997890626331,298.9601968069541,247.41993923295263,188.55545423534554,100.0914953500145
2023-05-22,364.8720481033901,305.83158585201704,247.0355005889644,187.25534257646777,99.88168134529027
2023-05-23,363.44669251339604,310.8915818425899,247.16429737016838,186.6124155051352,100.18060388008738
2023-05-24,362.31014194607025,316.95963820164354,244.27024419690233,187.72916768236178,99.38510759704545
2023-05-25,359.51210307573615,315.14200522678857,240.48636139415126,188.4664054630472,99.61974225316014
2023-05-26,359.0401150526877,311.52566945961865,244.788555550314,188.17003738643172,100.63302925483492
2023-05-29,360.5985317483818,311.1800494734828,242.59364064907686,187.70567684717238,99.95215925887958
2023-05-30,367.50826997371644,311.512607264827,240.03298815027532,187.20970081517044,100.05196457222947
2023-05-31,368.26011035440473,315.72746574092434,234.43126839629076,186.01963284257013,99.72580408345631
2023-06-01,369.31904374060497,309.4414659064686,232.8656005975863,188.14167595445983,99.94315009409279
2023-06-02,369.1548965095156,315.2449180092103,229.55798046454535,187.73599672915233,99.95771569755864
2023-06-05,362.1824050843769,314.7732817320259,233.78464028229172,189.35430160541713,99.64210575295373
2023-06-06,362.1950312141192,313.28674198115914,236.46334188120218,191.3897112053079,99.89015096725666
2023-06-07,362.52184055117965,309.60711009071,234.75615841714892,192.74631521785594,100.79632850022544
2023-06-08,371.56038774675847,303.582688233258,240.65482801677746,192.18323727543066,100.70515631013603
2023-06-09,370.9571187164683,306.7029253735957,243.3379898552558,192.74558668938295,101.07260824829902
2023-06-12,372.18701718477007,307.0954485639747,242.55367617675137,192.73221607360804,100.42408952356627
2023-06-13,372.1694805896475,302.4645932897687,235.96992947501582,191.5322820591969,99.94886446639661
2023-06-14,367.9316684514505,297.88499343823935,241.9990480804731,191.98631220144935,100.18994426482463
2023-06-15,372.2468550008749,296.80384476027825,238.3847203911494,190.42099432256472,100.93842127294563
2023-06-16,375.1575761232644,302.86703036650505,234.15353792080836,192.02315005260786,101.12294344405935
2023-06-19,378.2377396749887,302.04471723829573,236.86931498779154,191.41783142863994,100.96971284365503
2023-06-20,374.91156444298764,296.71733846627154,243.30914654156066,191.70651202746959,100.9744035963426
2023-06-21,380.2832760093683,295.9610306665925,247.09917336142743,192.10583958694892,100.34815644057318
2023-06-22,375.0663558458125,295.110828493384,248.71841432367896,191.776890069481,100.65648384109436
2023-06-23,377.37997926830553,285.6783074061666,250.4326556931745,192.5836679471777,101.10557938343749
2023-06-26,385.7595342486491,285.6064483423172,252.87126149541464,191.96271549717517,100.88209038723296
2023-06-27,382.05417379453587,284.92921422998415,255.0707899656655,193.1527079353016,100.65004031957191
2023-06-28,380.0052259346231,287.42362030529455,255.94902564723134,191.3521658656363,100.78887609426077
2023-06-29,380.49790789745174,293.91579360855343,256.3319796875142,191.5405821260946,100.5738330812469
2023-06-30,378.69634293913583,298.0067429825309,256.24520505612236,194.1594213085727,100.54560572017795
2023-07-03,372.9376461372756,297.16437796495893,254.20969296042082,192.81927099298778,101.60622199614198
2023-07-04,373.30522457548005,293.33740271566495,253.5138127767256,191.9237768821367,101.48580556629803
2023-07-05,369.45158087865383,302.51308984800977,248.8814753060343,192.63338720815636,101.30904766160323
2023-07-06,371.31211107482073,302.8490673013452,248.69935979701646,192.8948046754285,100.98610389573643
2023-07-07,368.0095711742761,303.0208286050337,246.0819228430014,193.38753722748496,101.36691843969257
2023-07-10,373.823881003016,303.05431208984083,243.18074432269245,194.06909484160613,101.28013610568505
2023-07-11,371.00804031182173,303.8958991055966,243.74707231255024,194.9507604972525,100.95635716396755
2023-07-12,369.92446860404203,303.49101101911623,247.56464508929722,196.48461337009354,101.62837519084749
2023-07-13,373.04484518798034,301.5231922741078,250.15206268616873,197.0679232539397,102.35481634343087
2023-07-14,368.5650827578216,299.6651137067802,245.91811228820055,196.75482103151154,102.05265286525078
2023-07-17,369.5139901788635,299.66719960294034,243.3271413121621,197.70082134108924,101.1053287293174
2023-07-18,374.4549197246001,297.83290753045526,245.93037261344358,200.3498489560825,101.61970900980512
2023-07-19,368.54795614495475,295.4043335085607,243.35858984526854,200.18387188359853,101.27693057688978
2023-07-20,369.3389848437707,295.89977464768197,242.84243487894085,198.83829492447586,101.68235509301222
2023-07-21,370.4096350132845,295.11276214343957,244.3967656325598,200.3990889823424,100.6858152309535
2023-07-24,373.4167051495892,300.55697754955696,241.87904171987532,200.25025896213208,101.14020897511328
2023-07-25,368.9097495722487,291.115990662348,242.24406877539795,197.22474051342914,100.53277507540079
2023-07-26,364.14912931258095,295.0454982407587,238.77409679833926,198.4143906301506,100.905130438231
2023-07-27,366.1590197180891,299.5753383577058,237.2781665559085,197.69071435859126,100.91737682361186
2023-07-28,367.3563035922281,292.24152952799403,238.19586389554453,197.58520030526356,100.44107737318228
2023-07-31,368.38671175909917,291.1566555800735,234.1053427439816,198.0641196260843,100.24168359804908
2023-08-01,369.77349693954113,289.97534847883634,235.3215719984451,198.34804409759835,100.59068427027775
2023-08-02,367.3698777955888,285.1936142882618,235.3531013737904,199.35290756418522,100.64897378198769
2023-08-03,368.3333188823636,282.645751505324,236.86580742602058,198.76513453569788,100.94810906442393
2023-08-04,369.52330244565997,278.99201527258185,237.53212408237223,199.49892385019007,101.95074616830226
2023-08-07,366.99446448543523,284.97004562645094,241.17955923846264,199.15641876250692,101.15846570810344
2023-08-08,373.9518520004623,288.2837174173445,241.59618957809536,200.20630635100747,101.98149734542721
2023-08-09,375.83594453919994,292.79785446054206,240.5395780767323,201.08873013880196,102.039808294122
2023-08-10,371.47134857152156,295.4506219860379,240.94735821663065,199.79209574679797,101.58635152459317
2023-08-11,374.0216985201801,291.5658536581055,242.47165826503328,201.33086945691173,100.91572230405801
2023-08-14,370.4883840915871,289.84729360918266,242.68684235044907,200.59566063904387,100.82534198598476
2023-08-15,373.51558763665366,291.66535923222347,242.880144508275,201.75037042027293,101.29501169171509
2023-08-16,377.9551773982065,287.5045972190184,241.08965429049368,202.28924791802064,101.23547599410013
2023-08-17,374.966752639224,290.0794829757201,239.41603158604204,204.9123903974109,102.00545021122194
2023-08-18,378.6915828525447,289.3589531619866,235.8059591284818,204.61234499610836,101.27041133573604
2023-08-21,380.3683569533297,288.17320366530083,240.42665805613365,204.1324845290061,101.26935359269791
2023-08-22,383.6093241841546,290.7470282873467,237.22117069804912,204.12514857066995,100.6402716875803
2023-08-23,391.0006817233412,292.4133459497616,235.49610850355043,203.7123547580243,100.8282837584729
2023-08-24,390.1585127214189,291.26369539627973,233.7175288725422,204.87343233309971,101.28044183981353
2023-08-25,387.3347944665347,295.4322490669692,236.10008466062737,202.57594596186541,101.07243116003887
2023-08-28,384.00559601713445,291.717850323516,235.4167056060895,201.10204856684788,99.76141365284705
2023-08-29,380.988040548789,293.99069039799133,238.73023406319624,199.6189972867379,99.86563846536986
2023-08-30,380.80858866902724,296.200681653823,237.04518132710217,200.96685532683273,100.08870761884965
2023-08-31,382.2219672661438,295.21890753054475,237.85562358007564,203.39338814354016,100.29603875183656
2023-09-01,383.3942068727672,296.4923627079884,235.75326111148098,203.26501751922353,100.92077384677327
2023-09-04,386.68059779185506,292.15961220972935,241.39875967974328,203.04513516732254,100.38536205455753
2023-09-05,386.8468777644304,295.5160365618469,238.3297166067664,203.16500593733582,100.73180002276519
2023-09-06,392.58588302248484,294.9785444183102,239.2253663103192,204.83769352366454,101.33745375412919
2023-09-07,391.66465342164497,293.2462309273578,240.97686576002775,203.52847915339015,100.44133294160727
2023-09-08,402.4360939564771,297.054945439945,242.15808376818387,203.8884361370389,100.60688628561695
2023-09-11,405.0747360201707,294.6630220993392,241.7492811488858,205.3006456182788,100.3582968153028
2023-09-12,401.72412973204655,289.8006297630217,241.48866872806113,206.04130037907004,100.32240734702201
2023-09-13,397.5426134027644,284.50320463739024,241.6895694765917,206.33533600879173,100.50182217642191
2023-09-14,399.5799096352904,286.685947197645,241.38334347056488,207.80182781548356,100.26201047498166
2023-09-15,398.8068712125075,282.3956483556433,244.0271356438271,203.89045171779952,99.92828432295076
2023-09-18,401.7739963048017,288.4551615040118,250.04624870118693,204.8783268987238,99.95034469959221
2023-09-19,403.7958742199602,281.36402416552085,248.60037886348005,203.96077321004364,99.41198918501435
2023-09-20,403.6229328376784,287.2044312624268,244.94152005947373,201.36752817961855,98.87723960462584
2023-09-21,400.3261660775768,288.0465748547842,244.78938626120623,202.1082421594939,99.21805624100543
2023-09-22,394.3819341108825,287.8274989173123,251.8214026668614,204.07184698094161,98.65311158786896
2023-09-25,392.73927438705954,286.0605175424569,249.68333313086276,203.8959085599257,98.9867132509713
2023-09-26,396.22051058006116,287.5450667507711,254.2725839185735,205.27630870160067,99.2206145449245
2023-09-27,397.1876600593479,287.5302247012207,259.0541058543576,207.61357403826915,98.3693975545699
2023-09-28,392.3588956517477,291.452028447695,257.56727241476796,209.5452940205151,98.04105789117497
2023-09-29,393.1560940885924,291.96811181796244,259.2694865774281,211.97177649634955,98.63131868963235
2023-10-02,394.7889396768054,292.6114989206528,264.00436001838267,213.09414425268417,98.15238200462124
2023-10-03,391.41800495807536,291.4517781469201,262.9957564015183,213.22797493421666,97.92937770092765
2023-10-04,392.1371381023745,291.36919601868453,262.49885643752907,210.85821024981732,98.16052084849315
2023-10-05,392.48303724644535,292.5619511443145,260.91113471532856,210.51610599984542,98.5499189766303
2023-10-06,388.11481761786894,286.67501350388073,258.0900789817629,209.29453868294024,98.43090078838334
2023-10-09,389.61987782422983,282.1517906202276,256.3371174876477,212.4960333187691,98.14175499995407
2023-10-10,391.92169177407015,284.7812108768624,252.97568095922043,212.2556576598885,98.84463146013474
2023-10-11,396.283981036635,285.47903455761815,253.1590676220718,212.4599396466908,99.70897817377886
2023-10-12,400.57891495499564,284.96294554860134,251.1034905377832,213.3013654886226,100.20196830279069
2023-10-13,395.1804356236523,285.13996658119316,251.8371258028528,213.38779885462068,100.24972363029059
2023-10-16,391.59288867621507,286.4433357980384,247.61511363340375,215.94106010775238,99.8495940404004
2023-10-17,393.7272080233816,284.70258637207246,248.6030193324626,215.02146527102468,99.43998883576344
2023-10-18,395.8682412655316,282.15744298692954,250.96942637135632,215.33588087879622,99.70475481917602
2023-10-19,398.02591195536985,282.9334163209182,245.55323207451116,214.2382505636989,99.9183215170694
2023-10-20,413.4801893798267,279.7248174585744,246.64953450248981,212.2800791941949,100.62354432738472
2023-10-23,415.9647526014062,281.2070885163881,250.06670568024916,211.39224246465278,100.95582847319639
2023-10-24,420.81309483299043,275.57422841215316,246.82682863663933,211.35857664782685,100.20215267899053
2023-10-25,424.9539031071573,279.0877633515824,251.45441114365417,210.7445555556116,100.73419986563135
2023-10-26,427.849501825012,280.78215254891,252.70142614839392,209.74416234954086,100.23654238207509
2023-10-27,426.6289787829583,281.7571283689357,250.83013913212744,207.70036861686816,100.04911444582143
2023-10-30,429.9949501112606,285.19239349680964,250.764055460234,207.60031124724617,100.17927844689194
2023-10-31,426.80083920059593,291.006238171697,252.391914409067,205.43440835244854,101.18391005654668
2023-11-01,425.9181356514066,294.66489686778453,252.69126618779407,206.54794332379106,102.76233784931965
2023-11-02,423.97865971805675,288.27347064026884,254.2772364038327,206.6877924480406,103.07921736613174
2023-11-03,424.452982194798,283.96236291069795,251.79106373091372,204.59965451465922,102.98995250659095
2023-11-06,434.40495540332955,281.94684833930665,252.34826956564177,204.1772659877503,103.27034556097388
2023-11-07,426.42378436281047,282.14790255116407,248.51235898349762,203.12267104492847,103.73385149109725
2023-11-08,429.4780881724898,284.0134385945292,248.29528674939354,203.59680436563357,103.57271774443406
2023-11-09,422.68067030770186,281.65359201901794,245.9133940223987,205.52754403661572,104.50757097560883
2023-11-10,420.8127097350798,282.39749581684237,244.00982039984572,202.85029964469982,104.63301703513565
2023-11-13,425.521396062775,279.95063583341675,247.41303144747198,203.03391619701836,104.89865049158753
2023-11-14,425.9225777162382,278.00827851449753,250.46967380551948,202.82663286846972,105.25316820096278
2023-11-15,421.45999615019446,273.42672066604626,252.23561508225885,203.80007506226931,105.48029749156423
2023-11-16,418.5717151635303,270.50685168758497,249.29317554488435,204.1246014916406,105.92802997427509
2023-11-17,421.5418906320079,266.2273750625818,248.5127650171949,203.07054587056388,105.60640430554248
2023-11-20,418.5895518913117,263.21621591819957,251.915917385187,202.63731972700512,105.31688342199918
2023-11-21,419.62120179704056,266.6495296842033,252.39679616566636,201.52845163658543,104.74282519066979
2023-11-22,419.93831725986513,263.71830828980006,258.92443984090573,203.06652684989095,104.97823533477901
2023-11-23,417.3279792200478,272.1542837520519,260.135299008541,203.11712727991673,105.39234114442849
2023-11-24,426.4004561574028,273.87424842526843,260.775892660961,205.84058972615512,105.63883953186641
2023-11-27,429.23140989708264,274.5912603781438,259.98045288261767,205.77376858130566,106.52857866116163
2023-11-28,420.6676312429151,271.8727263457109,260.4533443150667,204.77394524735413,106.5309244104346
2023-11-29,421.57818448157866,274.2662173106703,260.1076789188597,202.62463776480766,106.89245929046527
2023-11-30,418.9147105736078,272.4813876878765,262.2247461539548,200.08737656239916,106.31433095612934
2023-12-01,422.6113536240744,272.989325086225,265.07610605893865,197.88862606537623,106.11387544326773
2023-12-04,419.38885440971967,281.4850298194476,262.8770654145163,198.2784442096615,106.488212171902
2023-12-05,419.03347921858403,281.27315074651403,259.11961565305336,199.00435649703837,106.94563341113272
2023-12-06,421.27525502707266,285.2647767614522,253.97654238260733,196.82161006558906,106.79378828570387
2023-12-07,425.0488500057311,282.97178508090735,255.48463086090686,198.07443240092357,106.76089619839644
2023-12-08,420.0745185858821,282.96616472758114,252.47322517079974,197.42446553877332,105.95598643564806
2023-12-11,418.7953864853352,289.09227116582747,246.58257125374107,197.64707170887974,105.77213732918086
2023-12-12,416.93197604981026,287.0328921061095,247.72285897951366,199.89739121891395,106.24831458728437
2023-12-13,414.3331171631446,293.39049347969683,254.60286462697943,201.1723118351244,106.5591998205311
2023-12-14,421.77227868413905,295.99962195234264,254.67497324344035,200.81428254764327,106.8312804737619
2023-12-15,423.6069109583183,294.1201423648181,257.1130782551073,199.58161508438636,106.8632089714628
2023-12-18,418.392801461878,296.4698366726875,257.43450121344245,196.5953336937695,106.87232609089376
2023-12-19,422.35858761615157,300.04842131339024,257.2445695948784,195.62531791972475,106.52481942648573
2023-12-20,431.4484041331476,302.4073178521581,259.93530697143717,195.35576351086476,106.90235852381791
2023-12-21,436.0323935442646,296.8301114276922,259.1963056986308,194.02534061547345,107.1327186448938
2023-12-22,429.538258032986,294.3588089651835,260.04940250540136,193.86647290529734,107.40163186487604
2023-12-25,427.587148909004,293.6022409996781,261.0606503414526,193.99015257698534,107.12451694386786
2023-12-26,433.1325743156941,293.4574360370092,259.2334881576074,193.70421266871145,105.97649406918654
2023-12-27,430.19736711390806,295.7605091198272,262.1530964638372,192.84222542292105,106.56315488314078
2023-12-28,432.23572581866733,296.50949658556056,261.7403213858827,193.0891758413536,106.31335089094259
2023-12-29,435.71364165969186,291.87679298136084,259.6560317081214,193.7058224495108,105.86004364577255
2024-01-01,431.8055932388235,293.32519485195365,261.2792995057115,192.24667648109596,106.23239518736803
2024-01-02,431.678101099925,295.5917271224049,258.78848532652114,194.16463057396456,106.02948459871573
2024-01-03,417.81576322507277,297.6955969172206,258.9592838457188,194.0500507390343,106.59670861548511
2024-01-04,413.6610549120161,301.6755991147548,259.02394365782067,194.0950601361302,106.93089246802113
2024-01-05,412.74037714906495,304.815156941464,262.20860450858555,195.07669608964264,107.30171240161246
2024-01-08,407.71409425096533,306.6166635792135,263.6695470934311,195.41466898578346,106.57423055284964
2024-01-09,414.4919794415158,306.4811425285038,263.68924411926173,196.7380086113827,107.22536925295583
2024-01-10,408.6885057290271,300.49509653032493,266.15353330502916,197.15310006764597,107.37079394481388
2024-01-11,407.01270104352096,302.1644725876902,270.316782204867,196.32760788859915,107.17791458637846
2024-01-12,407.666935608806,303.03840846218054,272.0700334366699,196.84405250581705,107.26011386663517
2024-01-15,413.66483034077277,304.1472096487138,272.19624096226914,195.28778699982485,106.31288090565549
2024-01-16,407.84927305827125,299.60903433146865,268.3636638433639,195.45571847141397,106.53542183809431
2024-01-17,412.71558274783,295.842146271648,265.31337527035123,195.42979910138763,105.99242596992475
2024-01-18,412.88163086007427,299.69928713594203,264.5154527898853,195.16463643205304,105.28086156555332
2024-01-19,408.9530264238528,299.6769110338357,262.8345538408754,195.0085510588812,104.48474917494532
2024-01-22,410.9654984749894,302.2475420845216,262.3859782257062,192.45921532426885,105.07126824125757
2024-01-23,411.9068547947082,302.4711510163305,262.64131892365117,191.73921108959235,104.74593429050414
2024-01-24,409.55809239049483,302.70014396189396,264.26355462518853,191.88299906739073,105.55443029683084
2024-01-25,409.96683990594585,306.2294477372313,264.1511140347544,192.11690343471332,105.27692692742221
2024-01-26,408.5101719811355,304.45560241076953,265.65717638782735,190.7540787643761,104.38346377906626
2024-01-29,409.0964549350441,304.92855876030694,265.93856540042793,192.46322670443547,103.80594951007612
2024-01-30,411.92793698802774,303.3589989333871,260.25276370713885,191.3155253838628,104.45256280070363
2024-01-31,418.5847617201549,301.89864244583003,257.65474121925445,192.63296243199275,104.37636560773645
2024-02-01,413.5290300923715,300.899338170521,257.3365471179751,193.22826773646707,104.09544324943394
2024-02-02,422.47380102716187,301.8217767642281,254.00232955938193,192.3735048777249,104.18393386233708
2024-02-05,414.3534836414398,300.20854435956704,255.7674466196027,194.78340167882493,104.4505315560209
2024-02-06,413.8488628576038,304.8524923996593,260.1636437757127,193.17537552178217,105.0393185840041
2024-02-07,416.4077615854931,301.7017542070126,263.7425538175907,194.437598727881,105.80531741032036
2024-02-08,417.70275586064145,301.145880874435,263.21563006482063,195.81889825050277,105.6202804973809
2024-02-09,415.227033632378,299.67726086408294,267.623962148359,194.91923936692646,104.92527386862133
2024-02-12,414.4874218959803,305.00064819539693,268.1552872484394,196.8386592307968,104.7136054059848
2024-02-13,412.5683412585586,305.84204046557824,267.254836359438,196.51381135196692,104.85511563756104
2024-02-14,410.2605793592488,309.7513545544967,265.5450924390259,196.9305887309218,104.35508312507021
2024-02-15,413.8692400185434,304.3534030424703,264.75452047193613,197.30913912057602,103.8608830627909
2024-02-16,415.47097806906106,305.4504762900957,263.716697312138,197.14336763939664,104.04460667176434
2024-02-19,412.71678108991796,308.8335142835579,264.30335579286333,198.2820002905248,104.0244988281839
2024-02-20,416.55339577282194,309.26199233219774,264.8627046298803,199.4031702055873,104.04675850817911
2024-02-21,417.9584283809588,313.33984813213345,264.9642811249988,196.98247079192114,103.65736594150891
2024-02-22,421.4812416462766,311.5201390586468,266.3305217118646,198.80069418556866,103.54313515407793
2024-02-23,424.2614534794732,316.91322844085295,269.91189727338326,196.50704232589115,103.06982232398138
2024-02-26,420.8716256329067,325.7826084467828,272.82562197829725,197.94701123488375,103.5337387754362
2024-02-27,418.64024407023226,324.49444357818027,268.46481061600645,199.5280013366533,104.07483163331865
2024-02-28,421.89430791586256,322.88948424207604,261.0167558078157,198.02420567736343,103.1193269202708
2024-02-29,424.59599361531207,328.6500308064365,263.7907163456499,197.47454988655934,102.64523021527619
2024-03-01,424.6346250828231,335.0110080310237,259.9167740752321,195.9658576195309,101.88230452722387
2024-03-04,425.26022816458067,333.0430460571672,259.3651216661381,195.69063391714582,101.5562689602741
2024-03-05,430.8212068840386,331.496979705846,256.1175478776841,195.2882470101539,101.51897852921448
2024-03-06,428.4018382491406,330.5086495365501,251.1304820984792,196.3735856051241,100.78822196847317
2024-03-07,430.8741340385607,325.30862272311674,252.7141335229104,198.19439315076144,100.32869832222615
2024-03-08,430.13220043850816,321.8526013785338,254.91292509364203,200.15052953144553,99.83008607558256
2024-03-11,429.3249231492575,318.1031186039325,253.3855851388671,199.3829169869616,99.9385351565591
2024-03-12,434.17104350157814,315.29949425238055,246.25240965320413,199.1108484062677,99.97818294064095
2024-03-13,437.8850135902626,315.29438052066644,244.8589438685223,196.78442384425992,99.62239180407457
2024-03-14,441.5786158744992,316.3066573409217,245.99994836350584,195.69402354954286,99.71544951468182
2024-03-15,447.47580470642856,322.3183835409077,242.08411448035417,197.03530283936215,99.44787303528084
2024-03-18,447.70403455720594,318.58585656697454,242.65711768234252,199.28329432594538,99.31776781432714
2024-03-19,450.8914767338434,322.476385243082,242.70118219093416,197.58132688862776,100.15375133348121
2024-03-20,449.627777816245,321.777299609561,244.3326696543508,196.781665900114,100.83002003531402
2024-03-21,451.2202081167116,321.71501494235724,244.73957738591156,196.76497088479786,100.17987752553114
2024-03-22,450.7683424183793,324.4488957044035,242.20560294305082,197.17052869769373,100.60049897941792
2024-03-25,451.34080002471524,320.20748422173847,245.47835444635723,196.07283607215425,101.01366349562706
2024-03-26,454.16238874473294,321.80497276863673,245.13620050451826,196.67447131735202,100.43876277152965
2024-03-27,450.5825868611797,322.57647653771954,245.14837153290296,196.04179404296204,100.85496977728687
2024-03-28,460.14569435117573,324.61174545165824,242.71749313886252,196.04156547858952,101.63555291153084
2024-03-29,455.6545923940858,325.86800060858457,241.61892833707742,196.81083056936197,101.0701823789233
2024-04-01,450.2587825973107,335.59959277866886,239.3518590429133,196.83935945820832,100.61157500077682
2024-04-02,455.60835615223834,333.1655292676194,238.9802876230533,196.25775795997922,101.12854819451049
2024-04-03,459.35192004531905,331.17587690069433,243.56364115774497,196.1268013151928,101.2708842550473
2024-04-04,462.356631984345,328.8319179282016,239.97329081766102,196.0251015835185,101.55519024945599
2024-04-05,465.40053610779955,326.7715474178685,235.7979534450141,195.53698394563918,101.73321102231078
2024-04-08,465.48315972214647,324.40289630210543,239.69637120503214,195.2023082331772,101.93703143570858
2024-04-09,461.4462366709258,329.1613023379347,239.22834955092736,197.40624578813126,101.26604513206918
2024-04-10,461.9344678229371,334.9038671978088,237.55140663627975,198.2010894295635,101.80139704505751
2024-04-11,458.94500481490985,332.74408705310174,240.35188866244698,197.81095789193782,102.40181659090509
2024-04-12,463.55795162383953,329.55364794460945,238.83484259690894,198.79579551626992,102.2894865372261
2024-04-15,463.0153228239237,331.54974999944704,243.71569695948736,198.35114171864737,102.27236483718963
2024-04-16,459.33204891013963,329.4852969521434,245.61843039184672,199.9998111115243,101.4945285298998
2024-04-17,457.99362035344086,332.11959180600786,244.3861564658546,200.5373096729647,101.76057347635773
2024-04-18,460.02221815656196,333.0611761729684,250.27107050869165,200.40673682096678,102.05672597168281
2024-04-19,457.566966629907,327.1363744308187,248.69114323913522,201.05485591149693,102.03009375008239
2024-04-22,453.9420277968902,333.34217187230246,250.80826315030103,198.8641354482255,102.60878464834893
2024-04-23,455.18440907455727,340.65920990865106,251.72176161732435,197.31550639187878,102.44251879433367
2024-04-24,456.4360140364111,338.2904482589181,255.41430694980264,195.68617852189712,102.73683918614711
2024-04-25,454.2590736175285,336.85189562420453,259.8908572584049,195.9015510554721,102.21819057216612
2024-04-26,452.2556170961282,338.14216796756267,260.07331250154715,198.29695783995967,102.21126419046249
2024-04-29,453.440752657425,339.63455216344187,258.008955467296,201.41400775286866,102.12726990808582
2024-04-30,447.0105803460224,342.45437865385566,259.4047048552911,202.33373616009018,102.24742668641478
2024-05-01,440.8531715341256,350.852200560802,257.5616683918596,203.06333367066074,102.06362316992636
2024-05-02,437.8181433504908,350.2475535512333,263.35610014030715,200.52353849061512,102.00163350377585
2024-05-03,437.01497843683666,347.0324326897784,263.84380631093467,199.78185875048248,102.42802438964208
2024-05-06,438.50479556112435,341.42722357701024,262.8758855282619,198.70014262060994,102.20946130113975
2024-05-07,445.1058547627257,338.5690814964442,263.5019200765793,197.85647509064486,101.39353487417857
2024-05-08,449.0568797159626,338.5699199036991,259.68947174596224,197.64338233537967,102.28558703395404
2024-05-09,448.47338180776006,345.9963476170258,257.0048657606536,197.0100076238001,102.99721552030228
2024-05-10,448.52264119162965,343.98564672865075,260.4884518316231,194.30011552943904,102.3368680844951
2024-05-13,444.16062679899204,345.0469991066373,258.69737567855475,195.336778885177,102.69489761131044
2024-05-14,444.2116469261677,345.11701785420144,255.8087553983646,193.88948939252867,102.44176764337678
2024-05-15,443.0626551263037,350.1766815721879,257.40837366251026,194.23359050771688,102.58185021220866
2024-05-16,444.625419344861,360.9352259822118,260.8557785523557,197.07300953445525,102.73788958237566
2024-05-17,441.0807279189445,358.7802891863539,263.01005245640863,195.8244156167239,102.62261366332406
2024-05-20,443.5037895227568,356.8165866053177,265.9837820697899,192.37555352989696,102.22558438849696
2024-05-21,450.43459582227,361.4302002802311,263.86262897450933,192.00964954177746,101.87774085462999
2024-05-22,450.0798328658994,364.53224649232345,259.8281911899149,193.5086146224617,101.4161369289802
2024-05-23,452.02288026318485,372.756271831693,264.210107935593,196.1806652036335,100.99940676097432
2024-05-24,455.2780958765597,375.5173290609804,263.3647734478301,194.51178626877015,100.97053189410134
2024-05-27,453.5880103806539,374.0484911171837,262.7302847324657,195.20753441944737,100.61422708665091
2024-05-28,454.7405434134245,376.849313091929,266.66076540787003,194.59123042383595,100.9623785051279
2024-05-29,454.93422832819255,382.01382301034846,268.3856685963085,194.4663732025004,101.71820617037977
2024-05-30,455.51507060188516,385.92785495656545,269.82549476998224,198.08547086119657,101.4282822047109
2024-05-31,452.130549060377,388.431480242953,276.3458348109539,196.02126331194876,101.55476555502803
2024-06-03,452.37700621054773,393.55881317842784,274.48638644464256,196.38903402126957,101.81357031444654
2024-06-04,454.7655490733267,399.238475721666,277.38393100340704,197.0516215962212,102.05894217495634
2024-06-05,461.50127993388026,406.01990369739656,277.65497515098843,198.56901845063493,102.10280469354575
2024-06-06,466.0667774582759,409.3429811719158,278.57249019994003,198.72507028274592,102.487059623336
2024-06-07,476.2418655840343,408.68581500592904,283.35367238462493,199.17346434556933,102.73930536215055
2024-06-10,472.73030779469786,409.56880696208174,285.0357145616013,198.64733967814826,102.10865943970492
2024-06-11,476.9958509179626,415.6624157408892,286.8232467446117,199.04143386851447,102.55750667557031
2024-06-12,478.01348343359973,411.75384725309607,290.3074552840631,198.58317163364808,103.01762623073488
2024-06-13,488.6244407600347,413.7401806316927,289.2436294130743,199.467065971813,102.6296174991095
2024-06-14,484.82148511577316,411.952795848804,286.6747681331525,198.97093705342584,102.65421670768814
2024-06-17,480.8957796552055,412.2596750892336,283.48037953416605,199.5160582782967,103.01008243107688
2024-06-18,478.157594453598,418.7492287532178,277.447939032189,199.4951410754406,102.90742576615426
2024-06-19,468.1454730278715,419.87699949290464,283.82044054552784,201.08758146499898,103.46465818143852
2024-06-20,465.8246183365647,420.2789219547812,280.4755337716197,201.03534774609324,104.69271771254908
2024-06-21,462.428138898715,413.5888070482275,279.89108169852443,198.56035588919025,104.28651727923142
2024-06-24,463.2623305282058,417.457948036591,279.13679026384,200.33418500078113,103.57160994574446
2024-06-25,464.984535925469,420.8584812367964,280.1783818486848,199.08407442302587,103.734123431633
2024-06-26,473.8479355561436,431.95191379783506,282.790515536785,198.19290156553635,104.11356340765656
2024-06-27,478.4936536730885,430.529349791995,285.5661633723917,197.38632997417557,103.99858748156703
2024-06-28,475.8767543890378,431.833769308822,283.8345324716796,199.30513564408682,104.75947269208068
2024-07-01,471.74417083638696,433.2988103702368,283.41209050956195,196.34551028529103,104.06355247710744
2024-07-02,474.20629410444644,441.6742334488186,284.39223706078405,200.6777246952383,104.42929352218238
2024-07-03,468.0879270281289,441.3458281675809,283.7137902609178,202.18128201085386,104.11816689943538
2024-07-04,476.8011907776999,443.0001063352602,288.82937724945833,202.51744324802834,105.01846518678883
2024-07-05,482.56781567504225,446.4088849991375,290.49035541629,202.45987604377189,106.0699706313023
2024-07-08,480.4484953237039,447.5870962003239,292.9402510425144,202.8848147295726,105.6686779210815
2024-07-09,472.3619008044131,445.36831593660935,295.1788107881822,203.64519800237773,105.38360647500977
2024-07-10,478.898786655728,446.5837616623112,299.09235416713705,204.5853279124631,105.84180801339436
2024-07-11,478.49392636257255,452.5159932328857,299.7926002967202,205.40146609832297,105.6422270642394
2024-07-12,484.5603504127995,447.12282454679786,295.62094086674307,205.5508062677802,105.62352246461231
2024-07-15,476.97975426739083,448.01511899202,297.02412560789884,205.28741984859448,105.64221171277303
2024-07-16,474.263950682046,444.43034851705164,294.99992822165245,205.09056707592657,104.63350123342687
2024-07-17,474.431098844696,450.9815005339048,293.3878174816276,204.83125918441687,104.63149344937347
2024-07-18,474.7963187215913,442.9187437431626,295.38285587458165,206.47736320630372,104.27588878867668
2024-07-19,472.8018633267873,440.12522769133017,299.50968336437114,207.35590313113383,104.02399848017754
2024-07-22,475.88854997165396,442.2935233312145,299.6845932288904,203.1086901351656,104.78006154677541
2024-07-23,470.9506331560555,450.7794944055438,300.80756028984064,204.0615350372363,104.12701620127012
2024-07-24,470.4213812598102,450.6041397699839,306.545273306373,204.36010835849137,104.55560570035749
2024-07-25,471.12840404648244,447.7822789643764,307.46438339329296,204.35378110486545,104.41499778989855
2024-07-26,473.69341003639266,458.06957747169076,316.371169766829,203.81844997855185,104.27416275291208
2024-07-29,477.20639084174917,450.2933119162378,318.449920105379,205.44263620887077,104.69145329967087
2024-07-30,471.98268882265506,438.59213784339306,312.3935152176613,206.82581681228493,104.8746901934601
2024-07-31,464.88353031665446,441.0834172385009,315.0915823569302,205.72754200936103,105.17914823448858
2024-08-01,470.96270449142895,438.60247709039857,316.5229621955897,206.3343078290579,105.69357138154302
2024-08-02,472.6690683609994,433.4029351618803,321.1243452168023,204.95153842145768,105.52377022887566
2024-08-05,469.27300474235835,437.2603414967496,323.6146628646541,202.9927495181461,105.20601877489774
2024-08-06,476.6929241274361,438.71449823367726,323.2350577442932,202.12251542496864,104.64045724248334
2024-08-07,477.3873448013587,435.92035035159466,318.99509279236815,203.36289164197967,104.21383258899668
2024-08-08,483.16037651911853,429.39738958743163,318.3732897479546,204.74003978841242,105.75572544426745
2024-08-09,483.6315471810753,434.0647193347457,315.50610745431646,205.4958576976703,106.41917319057211
2024-08-12,493.7430637178383,437.6250979243406,313.60178895865323,206.55943654785912,105.70559306437745
2024-08-13,502.5580602911232,437.2793257983321,315.7419212310448,207.32644296452685,105.01192233092927
2024-08-14,501.4576383137937,447.14419169616315,321.6522783247148,206.41620292726984,105.27018133428128
2024-08-15,506.48009235048636,441.5812631182182,323.16127358646054,207.06093522897447,105.56349816563724
2024-08-16,509.9007370836582,433.67417564071854,319.02328600495036,208.24177613651614,105.85848682925887
2024-08-19,517.0323697046003,430.2468933690759,320.6951688010558,209.36212507784307,105.7288335810306
2024-08-20,512.1985127814387,430.18363322340724,325.0287054127635,211.1254553002486,105.66779935982026
2024-08-21,515.8661177103005,431.6118744576912,322.96229903194654,212.19335465139736,105.84631428865359
2024-08-22,521.4809308548197,430.5350750420564,322.599228421765,212.73659880587377,105.89706389506462
2024-08-23,512.4658840889657,432.5261554307602,322.7642605548646,214.35149331912945,104.72727178138344
2024-08-26,506.5558276562017,426.20328346675103,320.09051968609856,214.3331343677882,104.61217670313997
2024-08-27,496.3779449686143,433.75781135784695,322.48514399867423,213.03146297440503,104.17206991023997
2024-08-28,495.189582243684,433.50370989830975,322.1689700067521,212.80959736346034,104.26853919463355
2024-08-29,498.89133361725504,439.48933403883757,323.76849283497177,211.721221299783,105.8300955981887
2024-08-30,506.53613015023495,441.4726193833063,320.7210497545561,210.74174643910436,106.02984020190725
2024-09-02,507.06340782266165,444.06893691191857,319.2899791836309,210.54962779433075,105.86892418130027
2024-09-03,515.4736403307119,447.2827558917223,321.9388710920834,209.4027767211467,106.36216829412453
2024-09-04,508.5142231958936,449.86469681680927,320.73122537197423,208.97230100281084,106.62418505400365
2024-09-05,500.0048354833102,453.5143020495969,326.9362848548256,206.22320713374907,106.85347742670686
2024-09-06,499.8770957534724,460.92918395466234,325.6135012865225,206.55173224123374,107.18304058139596
2024-09-09,501.9469140941488,462.200543736808,326.53223019458716,206.57413036562755,108.2905326952577
2024-09-10,501.93338788924785,466.31784702152896,329.9962470812512,205.41326216490225,107.6836246664907
2024-09-11,491.7067857302358,466.0022298912056,324.96313671030765,206.38172811436425,107.9440209416709
2024-09-12,491.4160884842251,474.24180478761207,318.7826963065836,207.75684770379823,107.44943162224452
2024-09-13,485.1531403159197,470.58221943665075,313.5443890807369,205.4397523991535,107.75325168436784
2024-09-16,488.54762365849706,480.9403388763339,318.00876739200856,204.363438446792,107.26368205249608
2024-09-17,490.48519496527456,480.9009520711868,316.1896174443403,203.28358276383364,107.04520373062971
2024-09-18,486.02236932135725,472.8365791463155,325.1979203987459,201.9664430332003,106.89261619087401
2024-09-19,483.67066786535526,473.7525832178135,323.29332606847845,203.15932226137699,107.4194988319513
2024-09-20,478.69266395027444,470.07028446669864,324.0627849836517,202.90399508467578,107.91816938723426
2024-09-23,478.5362315089826,475.00025120698405,329.6733518641777,202.54858765775646,107.25138760150381
2024-09-24,483.2504944445094,471.47029265811875,337.0636465698235,199.72768607412436,107.28620896904084
2024-09-25,478.63194360005787,469.1345339691383,344.82505588865877,200.63603285277603,106.9109326166051
2024-09-26,481.18806081700933,458.6848020599919,349.52916914120055,198.915617239901,106.24353849472152
2024-09-27,478.78088088407355,456.3786835666329,353.5888413121507,199.01895955462066,106.1335673748924
2024-09-30,475.12839161774264,443.28675276552394,356.01721749816693,199.42528433775433,105.9751721591983
2024-10-01,474.7623985074332,435.03858979480054,359.19003291429425,201.34467495772026,107.2663294049164
2024-10-02,469.98988594670317,439.1823218667382,357.137964854325,199.52014130034533,107.50390277761784
2024-10-03,467.5287871737413,443.49930925387923,354.04865441723723,195.32291887056297,106.76878168342756
2024-10-04,462.0686218268504,445.94099059480243,354.1594295031202,195.59382137045026,106.47261896075271
2024-10-07,471.28562075775096,440.94479540125735,353.62038792638634,198.07856278947082,107.0216893638364
2024-10-08,471.5931984937895,440.8687164293498,351.98117759731605,199.8162316364943,108.14458381676577
2024-10-09,468.4348185495185,441.0260049545046,354.800639021493,200.12946673966897,107.29241351974505
2024-10-10,469.5777054016636,435.0719879426269,358.6531911282256,199.46074347271966,106.2892700178401
2024-10-11,469.1911112350235,443.0950545916368,359.1275012758696,200.6076144594593,107.2889020949363
2024-10-14,468.2950988488525,447.93735131794466,365.0900344480786,199.26056975608375,107.50327292669479
2024-10-15,471.3116999335723,446.9287889773349,360.6328034620474,199.94493105676696,107.04192653766526
2024-10-16,475.0233159089041,447.25175315847537,359.9907854523722,200.6723889227534,107.33341727080024
2024-10-17,472.6458187613624,448.5490487739302,357.27823849482104,202.1817401459273,105.92426488220144
2024-10-18,470.0660316689185,437.7386495964765,350.06768381732087,206.1076284020894,105.93134883572009
2024-10-21,468.91412688058045,436.61535593269076,349.8718253085737,206.69439863532594,106.11027809824276
2024-10-22,458.26076758754544,433.2168245329032,349.5257241945985,205.97866856138938,106.60595641986899
2024-10-23,451.4547196257728,428.18308758181297,355.46694399099385,205.96239208882275,106.07084997916809
2024-10-24,457.76097443338904,426.91001212090896,358.0579171405582,203.43244659192803,106.12159807187884
2024-10-25,465.4283229601572,436.2901806493604,354.14933719965404,202.46349949302834,105.63586645071987
2024-10-28,464.4088671945716,439.8198180941406,361.49617165588853,201.90369256006775,105.77603666558288
2024-10-29,467.2257715155887,436.9811559487527,366.47808438631586,201.18317524992753,105.30779454030284
2024-10-30,468.82018018295287,440.1584430392125,368.9529382800725,201.41785222589633,105.09817893341979
2024-10-31,483.39524079082594,447.725763739142,368.16289009728257,200.27844361626157,104.58014191963487
2024-11-01,488.952231202026,452.87264190697033,364.4062179639033,201.8700994017081,104.92585052962554
2024-11-04,488.4734609537415,453.3778505216968,363.04178104093614,201.89057901315758,105.38146538991855
2024-11-05,483.9524415310141,450.03951999351045,367.51671928233645,201.8976245405211,105.26311116582438
2024-11-06,476.32319107470175,453.9902728203911,375.2641368740619,201.45440615243172,105.28849957295385
2024-11-07,477.43523251506355,456.3155313792608,381.76584277882677,201.69339852244735,104.53116391522737
2024-11-08,473.9673781454406,461.3999444304213,379.8465746972974,202.8784859741101,104.3797627293513
2024-11-11,467.3685497409278,465.1013232161914,375.3014096813732,201.66731936556673,104.3587799874141
2024-11-12,464.48688199374766,471.1451440256399,376.0143880525371,200.75844198022867,105.73151177431012
2024-11-13,459.60257945909166,468.30752043319063,368.831447984004,200.3516888741444,105.14894857650741
2024-11-14,467.4946067068512,475.8981900210912,370.2716775664074,198.4841914553606,105.9239895098586
2024-11-15,471.75647340318534,477.2169968277636,369.8000890238942,197.36577173734423,106.45724200065112
2024-11-18,471.8603888936939,489.2920807617154,368.0337753163807,196.72758041294597,106.61194375088614
2024-11-19,478.9852171795379,485.44122789543604,361.7066366438385,197.95136844601336,107.5547240887745
2024-11-20,479.49949550110586,495.74790518888096,363.87673220506366,198.3349842034965,107.76021033216972
2024-11-21,475.5134919495564,497.1235706267473,361.87187721276564,198.62358726600812,107.9752777265757
2024-11-22,482.89880648369075,493.4363971278697,357.34157235305577,199.8265084642367,107.9519979041491
2024-11-25,485.6460662946098,490.7685690957971,346.1764762528317,199.65433744122174,108.61782903119648
2024-11-26,480.75441496821963,489.07827984276076,346.19286287789674,200.22000888131234,109.21874046152821
2024-11-27,479.98357969443106,491.7633153719073,353.0629797738053,200.09536146017825,108.8825229721727
2024-11-28,475.92475093128536,495.0453564539412,359.6383722298407,200.48705542287152,108.16975228346193
2024-11-29,469.4864421810943,491.83528432115395,357.9559627697397,199.6892551574067,108.06537894474897
2024-12-02,473.9755661299349,491.8882770611719,355.7100279802672,196.30018501031319,107.63849986053597
2024-12-03,483.1679271312214,504.73012448035803,357.66875123125396,196.1353018581528,107.60969333594963
2024-12-04,476.55544755340935,515.3953334816317,353.8659312880836,198.10827333433318,108.28087551159426
2024-12-05,479.3812747531741,518.3000418138753,355.16451695256734,199.4125207001828,108.03870443744134
2024-12-06,476.4060304936571,518.7437282824845,358.28175438571407,200.78004837341243,108.02097345948056
2024-12-09,474.2282575984848,519.6984117489878,363.2426186673904,202.5374590810906,108.05771286963746
2024-12-10,471.56122669072704,523.732422905777,362.9695710648052,202.6834082094098,108.52151325857629
2024-12-11,467.6284495867375,517.5138803353227,362.28340930355006,202.98362489072224,107.3077601809964
2024-12-12,467.99563905808606,516.1225347203862,358.9113447235738,202.1263107086201,106.98760732034336
2024-12-13,464.24722744225176,505.9946576350291,355.7724195564936,201.6993168575638,107.10598038422332
2024-12-16,465.64208992559566,508.6211127049948,355.0106155264853,202.58889113099562,107.75401384907539
2024-12-17,465.54785276979527,512.774691377954,356.5694744435977,204.31640531233995,107.49437923406295
2024-12-18,464.5750996242042,510.00661178550234,360.2775940500461,204.13739882040184,106.4911596118448
2024-12-19,460.4981573670086,519.8435383039059,357.2206500285933,203.5145093017584,106.8264531223537
2024-12-20,457.9802854647304,512.4049994065887,363.211088245937,203.53561288370202,106.49242689278189
2024-12-23,461.5772224427821,503.60572529085204,362.254986046801,204.41253533378216,105.86429906552672
2024-12-24,464.0278152508901,505.16359023151335,362.2966307938408,202.3669824219773,105.53911284519609
2024-12-25,459.63089535015615,511.7131269220805,359.44559960232294,199.1345206461511,105.44701658811613
2024-12-26,460.22534658357745,522.2580670269284,349.9861981289108,198.38701785686487,105.13344633557986
2024-12-27,463.8214881802747,519.5910981563591,353.5121338579594,196.71164207378507,103.97930920437864
2024-12-30,456.2175742080715,526.524610101255,356.5011789470046,196.03161358921216,104.45088978715347
2024-12-31,458.833344169222,526.4919120626221,355.5227246960239,195.84842945008944,105.12192149378782
